{
    "TP": [
        2,
        2,
        2,
        5,
        0,
        1,
        4,
        5,
        0,
        3
    ],
    "FN": [
        1,
        1,
        0,
        0,
        2,
        0,
        0,
        0,
        3,
        0
    ],
    "FP": [
        0,
        0,
        0,
        1,
        2,
        0,
        0,
        0,
        0,
        1
    ],
    "jaccard": [
        0.6666666666666666,
        0.6666666666666666,
        1.0,
        0.8333333333333334,
        0.0,
        1.0,
        1.0,
        1.0,
        0.0,
        0.75
    ]
}