micro_pre,micro_rec,micro_f1,macro_pre,macro_rec,macro_f1,avg_jaccard,comment
0.8286524822695036,0.6601129943502825,0.7348427672955974,0.8183333333333335,0.7116944444444445,0.7395811688311688,0.687527777777778,llama3.1_few_run_0
0.8090780141843972,0.6445197740112995,0.7174842767295597,0.8233333333333335,0.704472222222222,0.7384386724386723,0.6838055555555554,llama3.1_few_run_1
0.8388235294117647,0.6445197740112995,0.7289456869009585,0.8116666666666668,0.6965555555555555,0.7270476190476187,0.6695555555555555,llama3.1_few_run_2
0.8274647887323944,0.6527777777777778,0.7298136645962734,0.8340000000000001,0.7198055555555554,0.7483831168831171,0.6896085858585858,llama3.1_few_run_3
0.7948299319727892,0.6601129943502825,0.7212345679012346,0.8005555555555556,0.7067222222222224,0.7304603174603175,0.6714444444444445,llama3.1_few_run_4
