micro_pre,micro_rec,micro_f1,macro_pre,macro_rec,macro_f1,avg_jaccard,comment
0.9,0.7093596059113301,0.7933884297520662,0.9035555555555556,0.7513055555555556,0.7944242424242423,0.7255277777777781,llama3.1_few_run_0
0.891566265060241,0.729064039408867,0.8021680216802167,0.90875,0.7740555555555556,0.8050177045177043,0.7334960317460318,llama3.1_few_run_1
0.9012345679012346,0.7192118226600985,0.8,0.8797222222222223,0.7558055555555556,0.78911655011655,0.7273134920634923,llama3.1_few_run_2
0.9363057324840764,0.7241379310344828,0.8166666666666668,0.91875,0.7700555555555556,0.813100677100677,0.7472579365079366,llama3.1_few_run_3
0.927710843373494,0.7586206896551724,0.8346883468834688,0.9227380952380951,0.8022222222222223,0.8306147186147185,0.7670555555555555,llama3.1_few_run_4
