micro_pre,micro_rec,micro_f1,macro_pre,macro_rec,macro_f1,avg_jaccard,comment
0.8975903614457831,0.7339901477832512,0.8075880758807589,0.89825,0.7639722222222224,0.802121989121989,0.7410555555555558,llama3.1_few_run_0
0.89937106918239,0.7044334975369458,0.7900552486187846,0.9205555555555556,0.7653055555555555,0.810180042180042,0.7433611111111113,llama3.1_few_run_1
0.8827160493827161,0.7044334975369458,0.7835616438356164,0.8688888888888888,0.7328055555555557,0.7713265068265067,0.7091944444444445,llama3.1_few_run_2
0.8950617283950617,0.7142857142857143,0.7945205479452054,0.8929166666666666,0.7445555555555555,0.7833026973026972,0.7174722222222223,llama3.1_few_run_3
0.9,0.7093596059113301,0.7933884297520662,0.905,0.7528888888888889,0.795095238095238,0.7312222222222223,llama3.1_few_run_4
