micro_pre,micro_rec,micro_f1,macro_pre,macro_rec,macro_f1,avg_jaccard,comment
0.817258883248731,0.7931034482758621,0.8050000000000002,0.8587121212121213,0.8332222222222224,0.813884199134199,0.7551010101010103,
