{
    "TP": [
        2,
        1,
        1,
        2
    ],
    "FN": [
        0,
        2,
        2,
        0
    ],
    "FP": [
        0,
        0,
        0,
        0
    ],
    "jaccard": [
        1.0,
        0.3333333333333333,
        0.3333333333333333,
        1.0
    ]
}