micro_pre,micro_rec,micro_f1,macro_pre,macro_rec,macro_f1,avg_jaccard,comment
0.9285714285714286,0.7044334975369458,0.8011204481792716,0.8966666666666667,0.748638888888889,0.7900405803346979,0.7258055555555555,llama3.1_few_run_0
0.9363057324840764,0.7241379310344828,0.8166666666666668,0.9305555555555556,0.7770555555555556,0.8178564213564212,0.7509444444444445,llama3.1_few_run_1
0.9182389937106918,0.7192118226600985,0.8066298342541437,0.9155555555555556,0.7524722222222222,0.7968564213564211,0.7246944444444445,llama3.1_few_run_2
0.9171974522292994,0.7093596059113301,0.7999999999999999,0.8921428571428572,0.7541388888888889,0.7884105339105338,0.7229484126984128,llama3.1_few_run_3
0.922077922077922,0.6995073891625616,0.7955182072829132,0.88625,0.7362222222222222,0.7784621489621487,0.7136388888888889,llama3.1_few_run_4
