micro_pre,micro_rec,micro_f1,macro_pre,macro_rec,macro_f1,avg_jaccard,comment
0.015,0.015,0.015,0.02,0.0133333333333333,0.015,0.0133333333333333,llama3.1_few_run_0
0.0875,0.0913043478260869,0.0893617021276595,0.0883333333333333,0.096,0.0891666666666666,0.0843333333333333,llama3.1_few_run_1
0.0857142857142857,0.0774193548387097,0.0813559322033898,0.0758333333333333,0.0733333333333333,0.0736623376623376,0.0691666666666666,llama3.1_few_run_2
0.0342857142857142,0.0342857142857142,0.0342857142857142,0.035,0.0366666666666666,0.0346666666666666,0.0316666666666666,llama3.1_few_run_3
0.10266666666666667,0.048125,0.06553191489361702,0.0625,0.06,0.057,0.0525,llama3.1_few_run_4
