micro_pre,micro_rec,micro_f1,macro_pre,macro_rec,macro_f1,avg_jaccard,comment
0.8846153846153846,0.7931034482758621,0.8363636363636363,0.9080555555555556,0.8181388888888891,0.8329321789321785,0.774027777777778,llama3.1_few_run_0
0.8756756756756757,0.7980295566502463,0.8350515463917527,0.8907936507936508,0.8215555555555558,0.8272364400305575,0.766277777777778,llama3.1_few_run_1
0.8833333333333333,0.7832512315270936,0.8302872062663186,0.9016666666666668,0.8136388888888889,0.8291192239133413,0.7673055555555557,llama3.1_few_run_2
0.8700564971751412,0.7586206896551724,0.8105263157894735,0.8904166666666667,0.7948888888888891,0.8112355977355976,0.7432817460317463,llama3.1_few_run_3
0.8516483516483516,0.7635467980295566,0.8051948051948051,0.8688888888888888,0.7890555555555558,0.8018722943722942,0.7404444444444447,llama3.1_few_run_4
