micro_pre,micro_rec,micro_f1,macro_pre,macro_rec,macro_f1,avg_jaccard,comment
0.9135802469135802,0.729064039408867,0.810958904109589,0.911904761904762,0.7600555555555556,0.8056391386391385,0.7427936507936508,llama3.1_few_run_0
0.88125,0.6945812807881774,0.7768595041322314,0.8641666666666665,0.7268888888888889,0.768699578199578,0.7097070707070707,llama3.1_few_run_1
0.9342105263157896,0.6995073891625616,0.8,0.8983333333333333,0.7429722222222224,0.7853777333777333,0.7179722222222223,llama3.1_few_run_2
0.8950617283950617,0.7142857142857143,0.7945205479452054,0.8821428571428572,0.7438055555555556,0.7823131313131312,0.7169206349206351,llama3.1_few_run_3
0.9308176100628931,0.729064039408867,0.8176795580110497,0.93125,0.7730277777777778,0.8191091686091686,0.7509444444444446,llama3.1_few_run_4
