micro_pre,micro_rec,micro_f1,macro_pre,macro_rec,macro_f1,avg_jaccard,comment
0.9,0.7093596059113301,0.7933884297520662,0.905,0.7528888888888889,0.795095238095238,0.7312222222222223,
