micro_pre,micro_rec,micro_f1,macro_pre,macro_rec,macro_f1,avg_jaccard,comment
0.013333333333333334,0.01,0.011428571428571429,0.015,0.01,0.011666666666666665,0.008333333333333333,
