micro_pre,micro_rec,micro_f1,macro_pre,macro_rec,macro_f1,avg_jaccard,comment
0.065,0.05777777777777778,0.06117647058823529,0.05833333333333333,0.065,0.060666666666666674,0.0575,
