micro_pre,micro_rec,micro_f1,macro_pre,macro_rec,macro_f1,avg_jaccard,comment
0.882,0.7056,0.7839999999999999,0.8129166666666667,0.7215555555555556,0.7454480519480517,0.6904444444444445,llama3.1_few_run_0
0.9328859060402684,0.6847290640394089,0.7897727272727273,0.84,0.7296388888888891,0.7565292485292484,0.7029722222222223,llama3.1_few_run_1
0.8892592592592593,0.7275757575757575,0.8003333333333332,0.8653571428571428,0.7620555555555556,0.7916940836940836,0.744388888888889,llama3.1_few_run_2
0.8928571428571429,0.6157635467980296,0.7288629737609329,0.7933333333333333,0.6782222222222224,0.7052936507936507,0.6487222222222223,llama3.1_few_run_3
0.9241379310344827,0.6600985221674877,0.7701149425287356,0.835,0.716638888888889,0.7488528138528135,0.6958055555555557,llama3.1_few_run_4
