{
    "TP": [
        2,
        2,
        1,
        1,
        1,
        0,
        1,
        1,
        1,
        1,
        1,
        1
    ],
    "FN": [
        1,
        1,
        0,
        1,
        1,
        1,
        0,
        2,
        1,
        0,
        0,
        0
    ],
    "FP": [
        0,
        0,
        1,
        2,
        1,
        0,
        0,
        0,
        1,
        0,
        0,
        1
    ],
    "jaccard": [
        0.6666666666666666,
        0.6666666666666666,
        0.5,
        0.25,
        0.3333333333333333,
        0.0,
        1.0,
        0.3333333333333333,
        0.3333333333333333,
        1.0,
        1.0,
        0.5
    ]
}