micro_pre,micro_rec,micro_f1,macro_pre,macro_rec,macro_f1,avg_jaccard,comment
0.0870967741935483,0.09,0.0885245901639344,0.0775,0.085,0.0802380952380952,0.0758333333333333,llama3.1_few_run_0
0.0509090909090909,0.0329411764705882,0.04,0.0433333333333333,0.045,0.0426666666666666,0.0366666666666666,llama3.1_few_run_1
0.1303703703703703,0.1035294117647058,0.1154098360655737,0.1091666666666666,0.1116666666666666,0.1072857142857142,0.0965,llama3.1_few_run_2
0.04,0.024,0.03,0.04,0.0266666666666666,0.03,0.0266666666666666,llama3.1_few_run_3
0.08210526315789474,0.07428571428571429,0.078,0.08333333333333334,0.08166666666666667,0.07833333333333332,0.06583333333333333,llama3.1_few_run_4
