micro_pre,micro_rec,micro_f1,macro_pre,macro_rec,macro_f1,avg_jaccard,comment
0.032,0.04,0.0355555555555555,0.035,0.04,0.0371428571428571,0.035,llama3.1_few_run_0
0.0457142857142857,0.0492307692307692,0.0474074074074074,0.0533333333333333,0.052,0.0483333333333333,0.0453333333333333,llama3.1_few_run_1
0.0533333333333333,0.032,0.04,0.035,0.0308333333333333,0.0302380952380952,0.0258333333333333,llama3.1_few_run_2
0.065,0.0577777777777777,0.0611764705882352,0.0583333333333333,0.065,0.0606666666666666,0.0575,llama3.1_few_run_3
0.08689655172413795,0.06810810810810812,0.07636363636363637,0.08833333333333332,0.07991666666666666,0.07815873015873016,0.06991666666666667,llama3.1_few_run_4
