micro_pre,micro_rec,micro_f1,macro_pre,macro_rec,macro_f1,avg_jaccard,comment
0.7757847533632287,0.8522167487684729,0.812206572769953,0.8390238095238095,0.853888888888889,0.814638994991936,0.7578888888888891,llama3.1_few_run_0
0.7894736842105263,0.812807881773399,0.8009708737864077,0.8529603174603175,0.8352222222222223,0.8092496392496388,0.7404444444444443,llama3.1_few_run_1
0.8084112149532711,0.8522167487684729,0.829736211031175,0.8424166666666667,0.8635555555555556,0.830100677100677,0.7743055555555557,llama3.1_few_run_2
0.7847533632286996,0.8620689655172413,0.8215962441314555,0.8417222222222223,0.8653055555555557,0.8254355742296917,0.7631944444444446,llama3.1_few_run_3
0.8235294117647058,0.896551724137931,0.8584905660377358,0.8701666666666666,0.9022222222222223,0.8662689075630249,0.8155555555555556,llama3.1_few_run_4
