micro_pre,micro_rec,micro_f1,macro_pre,macro_rec,macro_f1,avg_jaccard,comment
0.8776595744680851,0.812807881773399,0.8439897698209718,0.8823214285714285,0.8223888888888891,0.8312399267399264,0.783638888888889,llama3.1_few_run_0
0.8858695652173914,0.8029556650246306,0.8423772609819121,0.8848888888888888,0.8140555555555555,0.8253924963924962,0.7737777777777777,llama3.1_few_run_1
0.8602150537634409,0.7881773399014779,0.8226221079691517,0.884,0.8118888888888891,0.8223766233766231,0.7678888888888891,llama3.1_few_run_2
0.8829787234042553,0.8177339901477833,0.8491048593350384,0.9072121212121212,0.8357222222222223,0.8484996392496389,0.7936010101010101,llama3.1_few_run_3
0.8763440860215054,0.8029556650246306,0.8380462724935733,0.8928787878787879,0.8202222222222224,0.8341865079365077,0.7815533910533911,llama3.1_few_run_4
