micro_pre,micro_rec,micro_f1,macro_pre,macro_rec,macro_f1,avg_jaccard,comment
0.9,0.7093596059113301,0.7933884297520662,0.9107936507936508,0.7614444444444446,0.8006300366300365,0.7361666666666667,llama3.1_few_run_0
0.9197530864197532,0.7339901477832512,0.8164383561643835,0.9246428571428572,0.795527777777778,0.8298051948051947,0.7722539682539683,llama3.1_few_run_1
0.8862275449101796,0.729064039408867,0.8,0.9044444444444444,0.788388888888889,0.8203290043290042,0.7622222222222222,llama3.1_few_run_2
0.9207317073170732,0.7438423645320197,0.8228882833787466,0.9255555555555556,0.7824722222222222,0.8275454545454544,0.7725277777777778,llama3.1_few_run_3
0.8928571428571429,0.7389162561576355,0.8086253369272237,0.9135714285714286,0.7775555555555558,0.8137026307026305,0.7511269841269843,llama3.1_few_run_4
