micro_pre,micro_rec,micro_f1,macro_pre,macro_rec,macro_f1,avg_jaccard,comment
0.8909090909090909,0.7241379310344828,0.7989130434782608,0.9013888888888888,0.7665555555555557,0.7984480519480519,0.7312777777777779,llama3.1_few_run1
0.8928571428571429,0.7389162561576355,0.8086253369272237,0.895,0.7753055555555557,0.8065169830169829,0.7448055555555557,llama3.1_few_run2
0.8816568047337278,0.7339901477832512,0.8010752688172043,0.8863888888888889,0.767888888888889,0.7947532467532468,0.7329444444444446,llama3.1_few_run3
0.8563218390804598,0.7339901477832512,0.7904509283819628,0.88,0.7728888888888892,0.7912770562770562,0.7262222222222224,llama3.1_few_run4
0.8850574712643678,0.7586206896551724,0.8169761273209549,0.9016666666666667,0.8002222222222224,0.819058229352347,0.7560555555555558,llama3.1_few_run5
