micro_pre,micro_rec,micro_f1,macro_pre,macro_rec,macro_f1,avg_jaccard,comment
0.5975531914893616,0.7065408805031446,0.6474927953890489,0.6445000000000001,0.7257777777777779,0.6557526917526915,0.5949444444444444,llama3.1_few_run_0
0.6113089005235601,0.7297499999999999,0.6652991452991452,0.6546666666666667,0.7368333333333336,0.6691825396825394,0.6148333333333332,llama3.1_few_run_1
0.5838743455497382,0.6841717791411043,0.6300564971751411,0.6485454545454544,0.7208611111111112,0.6519990842490838,0.5869065656565656,llama3.1_few_run_2
0.508,0.6178378378378379,0.557560975609756,0.5431666666666667,0.639888888888889,0.5633534243534242,0.5050555555555555,llama3.1_few_run_3
0.6072985781990521,0.7364367816091953,0.6656623376623376,0.6416666666666667,0.7482777777777778,0.6647094017094015,0.6052777777777779,llama3.1_few_run_4
