micro_pre,micro_rec,micro_f1,macro_pre,macro_rec,macro_f1,avg_jaccard,comment
0.8658904109589041,0.628955223880597,0.7286455331412103,0.9138888888888888,0.7101944444444445,0.7612795815295813,0.6871944444444444,llama3.1_few_run_0
0.896,0.6272,0.7378823529411764,0.9022222222222224,0.7115277777777778,0.7646129148629148,0.7001944444444445,llama3.1_few_run_1
0.8782978723404254,0.635076923076923,0.7371428571428571,0.8922222222222222,0.7076944444444444,0.7591381673881672,0.6976944444444446,llama3.1_few_run_2
0.8671942446043165,0.5997014925373134,0.7090588235294117,0.8872222222222222,0.6961111111111111,0.7484007936507935,0.6806111111111112,llama3.1_few_run_3
0.8733333333333333,0.6419,0.7399423631123919,0.8997222222222223,0.7136944444444444,0.7635826118326119,0.6996944444444445,llama3.1_few_run_4
