micro_pre,micro_rec,micro_f1,macro_pre,macro_rec,macro_f1,avg_jaccard,comment
0.875,0.6551724137931034,0.7492957746478873,0.9217676767676768,0.721388888888889,0.7792774170274168,0.7096010101010103,llama3.1_few_run_0
0.879746835443038,0.6847290640394089,0.7700831024930748,0.9172222222222224,0.7523055555555556,0.7979691419691419,0.7340833333333333,llama3.1_few_run_1
0.9144736842105264,0.6847290640394089,0.7830985915492957,0.9488888888888888,0.7604166666666667,0.8136724386724384,0.74575,llama3.1_few_run_2
0.910828025477707,0.7044334975369458,0.7944444444444445,0.9272222222222224,0.7668055555555555,0.8119105339105337,0.7538055555555556,llama3.1_few_run_3
0.8827160493827161,0.7044334975369458,0.7835616438356164,0.9277777777777777,0.7626388888888889,0.8089581529581529,0.7476944444444444,llama3.1_few_run_4
