micro_pre,micro_rec,micro_f1,macro_pre,macro_rec,macro_f1,avg_jaccard,comment
0.05333333333333333,0.032,0.04,0.035,0.030833333333333334,0.030238095238095238,0.025833333333333333,
