micro_pre,micro_rec,micro_f1,macro_pre,macro_rec,macro_f1,avg_jaccard,comment
0.9085365853658536,0.7339901477832512,0.8119891008174387,0.9095833333333334,0.7808055555555558,0.8100902430902428,0.7403888888888892,llama3.1_few_run_0
0.9202453987730062,0.7389162561576355,0.8196721311475409,0.91625,0.7765555555555557,0.8126641691641691,0.7461388888888891,llama3.1_few_run_1
0.9030303030303032,0.7339901477832512,0.8097826086956522,0.9022222222222224,0.774388888888889,0.8054083694083692,0.737777777777778,llama3.1_few_run_2
0.8975903614457831,0.7339901477832512,0.8075880758807589,0.8989999999999999,0.7705555555555555,0.8033961038961037,0.7382222222222223,llama3.1_few_run_3
0.8888888888888888,0.7093596059113301,0.7890410958904109,0.8992857142857144,0.767638888888889,0.8016482961482958,0.7308055555555556,llama3.1_few_run_4
