micro_pre,micro_rec,micro_f1,macro_pre,macro_rec,macro_f1,avg_jaccard,comment
0.8827160493827161,0.7044334975369458,0.7835616438356164,0.8688888888888888,0.7328055555555557,0.7713265068265067,0.7091944444444445,
