micro_pre,micro_rec,micro_f1,macro_pre,macro_rec,macro_f1,avg_jaccard,comment
0.9156626506024096,0.7487684729064039,0.8238482384823849,0.9129166666666666,0.7895555555555558,0.8233228993228991,0.7653293650793652,llama3.1_few_run_0
0.9,0.7536945812807881,0.8203753351206434,0.9029166666666666,0.7802222222222222,0.8113863913863912,0.7464722222222222,llama3.1_few_run_1
0.8802395209580839,0.7241379310344828,0.7945945945945946,0.8755555555555555,0.744138888888889,0.778181818181818,0.7138611111111114,llama3.1_few_run_2
0.8994082840236687,0.7487684729064039,0.8172043010752688,0.9072222222222224,0.779138888888889,0.811181818181818,0.7463611111111114,llama3.1_few_run_3
0.8901734104046243,0.7586206896551724,0.8191489361702128,0.9057936507936507,0.7949722222222223,0.8193473193473192,0.7552658730158731,llama3.1_few_run_4
