micro_pre,micro_rec,micro_f1,macro_pre,macro_rec,macro_f1,avg_jaccard,comment
0.8871724137931034,0.6879144385026738,0.7749397590361445,0.8376666666666667,0.7546666666666668,0.7700216450216447,0.7230833333333335,
