{
    "TP": [
        0,
        2,
        0,
        3,
        0,
        1,
        3,
        3,
        1,
        1,
        1,
        1,
        1,
        1,
        2,
        2
    ],
    "FN": [
        3,
        2,
        1,
        0,
        1,
        0,
        0,
        3,
        0,
        0,
        1,
        0,
        0,
        0,
        0,
        1
    ],
    "FP": [
        0,
        1,
        0,
        0,
        0,
        0,
        1,
        0,
        0,
        0,
        1,
        1,
        0,
        1,
        0,
        0
    ],
    "jaccard": [
        0.0,
        0.4,
        0.0,
        1.0,
        0.0,
        1.0,
        0.75,
        0.5,
        1.0,
        1.0,
        0.3333333333333333,
        0.5,
        1.0,
        0.5,
        1.0,
        0.6666666666666666
    ]
}