micro_pre,micro_rec,micro_f1,macro_pre,macro_rec,macro_f1,avg_jaccard,comment
0.02,0.02,0.02,0.02,0.02,0.02,0.02,llama3.1_few_run_0
0.0676923076923076,0.0382608695652173,0.0488888888888888,0.04,0.05,0.0433333333333333,0.04,llama3.1_few_run_1
0.0545454545454545,0.075,0.0631578947368421,0.0511111111111111,0.068,0.057047619047619,0.0506666666666666,llama3.1_few_run_2
0.045,0.0385714285714285,0.0415384615384615,0.045,0.0433333333333333,0.0416666666666666,0.0383333333333333,llama3.1_few_run_3
0.049999999999999996,0.02,0.028571428571428574,0.025,0.02333333333333333,0.024,0.0225,llama3.1_few_run_4
