micro_pre,micro_rec,micro_f1,macro_pre,macro_rec,macro_f1,avg_jaccard,comment
0.7614678899082569,0.8177339901477833,0.7885985748218527,0.7650555555555559,0.8429444444444445,0.7757738095238094,0.7071428571428572,llama3.1_few_run_0
0.7627586206896552,0.7742,0.7684367245657568,0.7768333333333334,0.8048888888888891,0.7564480519480515,0.6875555555555556,llama3.1_few_run_1
0.7884615384615384,0.8078817733990148,0.7980535279805352,0.7770476190476191,0.8223888888888891,0.7757619047619044,0.7092222222222223,llama3.1_few_run_2
0.7742,0.7742,0.7742000000000001,0.7833333333333333,0.8007222222222222,0.7644047619047615,0.6931746031746031,llama3.1_few_run_3
0.7394545454545455,0.8134,0.7746666666666666,0.7586666666666669,0.8112222222222223,0.7546310584839993,0.6852222222222224,llama3.1_few_run_4
