{
    "TP": [
        0,
        0,
        2,
        1,
        0,
        0,
        1,
        3,
        1,
        0,
        0,
        1,
        2,
        0
    ],
    "FN": [
        4,
        6,
        1,
        2,
        5,
        0,
        0,
        0,
        0,
        1,
        1,
        0,
        0,
        1
    ],
    "FP": [
        0,
        0,
        0,
        0,
        0,
        1,
        3,
        0,
        0,
        0,
        0,
        0,
        0,
        0
    ],
    "jaccard": [
        0.0,
        0.0,
        0.6666666666666666,
        0.3333333333333333,
        0.0,
        0.0,
        0.25,
        1.0,
        1.0,
        0.0,
        0.0,
        1.0,
        1.0,
        0.0
    ]
}