micro_pre,micro_rec,micro_f1,macro_pre,macro_rec,macro_f1,avg_jaccard,comment
0.01,0.005,0.0066666666666666,0.01,0.005,0.0066666666666666,0.005,llama3.1_few_run_0
0.015,0.015,0.015,0.015,0.015,0.015,0.0133333333333333,llama3.1_few_run_1
0.01,0.01,0.01,0.01,0.01,0.01,0.0066666666666666,llama3.1_few_run_2
0.02,0.02,0.02,0.02,0.02,0.02,0.02,llama3.1_few_run_3
0.013333333333333334,0.01,0.011428571428571429,0.015,0.01,0.011666666666666665,0.008333333333333333,llama3.1_few_run_4
