micro_pre,micro_rec,micro_f1,macro_pre,macro_rec,macro_f1,avg_jaccard,comment
0.9125,0.7192118226600985,0.8044077134986227,0.909126984126984,0.7537222222222222,0.7994321789321787,0.7367777777777779,llama3.1_few_run_0
0.9290322580645162,0.7093596059113301,0.8044692737430167,0.9291666666666666,0.7603888888888889,0.808622655122655,0.7413412698412698,llama3.1_few_run_1
0.9245283018867924,0.7241379310344828,0.8121546961325967,0.9316666666666664,0.7795555555555557,0.8229718614718613,0.7607460317460317,llama3.1_few_run_2
0.9044585987261148,0.6995073891625616,0.7888888888888889,0.89375,0.7457222222222222,0.7860371850371848,0.7190912698412698,llama3.1_few_run_3
0.9166666666666666,0.7044334975369458,0.7966573816155988,0.895,0.7441388888888889,0.786743867243867,0.7258055555555556,llama3.1_few_run_4
