micro_pre,micro_rec,micro_f1,macro_pre,macro_rec,macro_f1,avg_jaccard,comment
0.8647058823529412,0.7241379310344828,0.7882037533512064,0.8788888888888888,0.7536388888888887,0.7819022644022643,0.7136944444444444,llama3.1_few_run_0
0.9107142857142856,0.7536945812807881,0.8247978436657681,0.9095833333333332,0.785388888888889,0.8172117882117881,0.7558055555555556,llama3.1_few_run_1
0.8869047619047619,0.7339901477832512,0.8032345013477089,0.8988888888888888,0.7753055555555555,0.8072709512709512,0.7428611111111111,llama3.1_few_run_2
0.9017341040462428,0.7684729064039408,0.8297872340425532,0.908154761904762,0.7915555555555557,0.8193616481557656,0.7544722222222223,llama3.1_few_run_3
0.888235294117647,0.7438423645320197,0.8096514745308312,0.8888888888888888,0.7769722222222224,0.8043265068265067,0.7433611111111114,llama3.1_few_run_4
