micro_pre,micro_rec,micro_f1,macro_pre,macro_rec,macro_f1,avg_jaccard,comment
0.7822222222222223,0.8669950738916257,0.8224299065420562,0.8331547619047619,0.8685555555555556,0.8222180695121868,0.7668055555555557,llama3.1_few_run_0
0.7458333333333333,0.8817733990147784,0.8081264108352145,0.8030454545454546,0.8790555555555555,0.8099669595110767,0.7499343434343437,llama3.1_few_run_1
0.7327935222672065,0.8916256157635468,0.8044444444444445,0.7956666666666667,0.8952222222222223,0.8140106103047277,0.753388888888889,llama3.1_few_run_2
0.771551724137931,0.8817733990147784,0.8229885057471263,0.8250555555555558,0.8831388888888889,0.8269586622527797,0.7760277777777779,llama3.1_few_run_3
0.759493670886076,0.8866995073891626,0.8181818181818182,0.8283787878787879,0.8898055555555557,0.8284510864952039,0.7719938672438674,llama3.1_few_run_4
