micro_pre,micro_rec,micro_f1,macro_pre,macro_rec,macro_f1,avg_jaccard,comment
0.9079754601226994,0.729064039408867,0.8087431693989071,0.9016666666666666,0.7615555555555555,0.7970072150072148,0.7298888888888889,llama3.1_few_run_0
0.8888888888888888,0.7093596059113301,0.7890410958904109,0.8745833333333334,0.7325555555555556,0.7725249195249194,0.7049722222222223,llama3.1_few_run_1
0.9161290322580644,0.6995073891625616,0.7932960893854748,0.9,0.7438055555555557,0.7860490620490619,0.717138888888889,llama3.1_few_run_2
0.8819875776397516,0.6995073891625616,0.7802197802197803,0.8795454545454545,0.726638888888889,0.7676558719058717,0.6973510101010101,llama3.1_few_run_3
0.8963414634146342,0.7241379310344828,0.8010899182561307,0.8872222222222222,0.7520555555555556,0.788761183261183,0.7226111111111112,llama3.1_few_run_4
