micro_pre,micro_rec,micro_f1,macro_pre,macro_rec,macro_f1,avg_jaccard,comment
0.8370786516853933,0.7339901477832512,0.7821522309711286,0.8705555555555555,0.7851111111111112,0.7976980519480518,0.7306666666666669,llama3.1_few_run_0
0.8406593406593407,0.7536945812807881,0.7948051948051948,0.8761269841269841,0.8076111111111112,0.8142649572649573,0.7480238095238095,llama3.1_few_run_1
0.8505747126436781,0.729064039408867,0.7851458885941645,0.8683333333333333,0.7812222222222225,0.7907099567099565,0.7237222222222225,llama3.1_few_run_2
0.8388888888888889,0.7438423645320197,0.7885117493472584,0.8745454545454544,0.7916388888888892,0.8019816017316016,0.7336843434343436,llama3.1_few_run_3
0.8920454545454546,0.7733990147783252,0.8284960422163589,0.8985714285714286,0.8150555555555558,0.8316391386391383,0.770293650793651,llama3.1_few_run_4
