micro_pre,micro_rec,micro_f1,macro_pre,macro_rec,macro_f1,avg_jaccard,comment
0.8522727272727273,0.7389162561576355,0.79155672823219,0.8366269841269842,0.7580555555555556,0.7709242424242423,0.7157539682539682,llama3.1_few_run_0
0.8846153846153846,0.6798029556650246,0.7688022284122563,0.8152380952380952,0.7215555555555556,0.7426536796536795,0.6853888888888889,llama3.1_few_run_1
0.8429677419354838,0.6805208333333334,0.7530835734870317,0.7665000000000001,0.7034722222222223,0.7103051948051947,0.6619722222222222,llama3.1_few_run_2
0.8135849056603772,0.6533333333333332,0.7247058823529411,0.7914999999999999,0.7141388888888889,0.7204047619047617,0.6622222222222223,llama3.1_few_run_3
0.8603488372093022,0.7473737373737374,0.7998918918918918,0.8365454545454547,0.7608055555555556,0.7719635642135639,0.7173510101010102,llama3.1_few_run_4
