micro_pre,micro_rec,micro_f1,macro_pre,macro_rec,macro_f1,avg_jaccard,comment
0.826530612244898,0.7980295566502463,0.81203007518797,0.867,0.8424722222222223,0.8226861471861472,0.7584246031746034,llama3.1_few_run1
0.8402061855670103,0.8029556650246306,0.8211586901763226,0.8629166666666666,0.8324722222222222,0.8185530580530579,0.759888888888889,llama3.1_few_run2
0.817258883248731,0.7931034482758621,0.8050000000000002,0.8587121212121213,0.8332222222222224,0.813884199134199,0.7551010101010103,llama3.1_few_run3
0.8541666666666666,0.8078817733990148,0.830379746835443,0.8888888888888888,0.8298888888888889,0.8320502928444102,0.7734206349206351,llama3.1_few_run4
0.8308457711442786,0.8226600985221675,0.8267326732673268,0.8758333333333336,0.8502222222222222,0.8327575757575758,0.7760317460317462,llama3.1_few_run5
