micro_pre,micro_rec,micro_f1,macro_pre,macro_rec,macro_f1,avg_jaccard,comment
0.9207317073170732,0.7438423645320197,0.8228882833787466,0.92,0.7815555555555557,0.8211024531024529,0.7582222222222224,llama3.1_few_run_0
0.9096385542168676,0.7438423645320197,0.8184281842818428,0.9122222222222224,0.7849722222222223,0.8162074592074591,0.7538611111111112,llama3.1_few_run_1
0.8982035928143712,0.7389162561576355,0.8108108108108107,0.905,0.7750555555555556,0.8081659451659449,0.7400555555555556,llama3.1_few_run_2
0.9085365853658536,0.7339901477832512,0.8119891008174387,0.9055555555555556,0.7663055555555556,0.8046721056721056,0.7418611111111113,llama3.1_few_run_3
0.8982035928143712,0.7389162561576355,0.8108108108108107,0.915,0.7829722222222223,0.8161959151959151,0.7513055555555558,llama3.1_few_run_4
