micro_pre,micro_rec,micro_f1,macro_pre,macro_rec,macro_f1,avg_jaccard,comment
0.06769230769230769,0.03826086956521739,0.048888888888888885,0.04,0.05,0.04333333333333333,0.04,
