micro_pre,micro_rec,micro_f1,macro_pre,macro_rec,macro_f1,avg_jaccard,comment
0.9375,0.7389162561576355,0.8264462809917356,0.9266666666666667,0.7723888888888891,0.8200627705627703,0.7590555555555557,llama3.1_few_run_0
0.9325153374233128,0.7487684729064039,0.8306010928961748,0.9322222222222224,0.7878055555555555,0.8269675324675323,0.7666944444444446,llama3.1_few_run_1
0.9235668789808916,0.7142857142857143,0.8055555555555555,0.9155555555555556,0.753388888888889,0.8048845598845595,0.742277777777778,llama3.1_few_run_2
0.8975903614457831,0.7339901477832512,0.8075880758807589,0.9045454545454544,0.769138888888889,0.8077132034632034,0.7448510101010101,llama3.1_few_run_3
0.9056603773584906,0.7093596059113301,0.7955801104972376,0.8970833333333335,0.747888888888889,0.7902117882117881,0.7234246031746033,llama3.1_few_run_4
