micro_pre,micro_rec,micro_f1,macro_pre,macro_rec,macro_f1,avg_jaccard,comment
0.8871724137931034,0.6879144385026738,0.7749397590361445,0.8376666666666667,0.7546666666666668,0.7700216450216447,0.7230833333333335,llama3.1_few_run_0
0.8262745098039216,0.6384848484848485,0.7203418803418804,0.7865714285714286,0.6882222222222222,0.7091465201465202,0.6482380952380953,llama3.1_few_run_1
0.8761589403973511,0.6681818181818182,0.7581661891117479,0.8096428571428572,0.7197222222222223,0.7395494505494504,0.6849722222222223,llama3.1_few_run_2
0.8820000000000001,0.6681818181818182,0.760344827586207,0.8166666666666665,0.7142222222222222,0.7387142857142855,0.6850555555555556,llama3.1_few_run_3
0.8896453900709219,0.6499481865284974,0.7511377245508981,0.83,0.716388888888889,0.7474999999999998,0.6972222222222224,llama3.1_few_run_4
